Grid_ID,Timeout_Count
476,1
728,1
471,1
267,1
243,1
567,1
528,2
72,1
302,1
58,1
503,2
854,1
537,2
76,1
275,1
446,3
162,1
764,1
527,2
478,1
37,1
444,3
101,1
416,5
192,2
328,1
568,6
327,3
4,1
298,1
175,2
502,8
133,3
698,5
788,1
640,1
165,2
296,3
447,12
362,1
618,1
69,1
601,6
531,11
303,1
676,6
677,10
473,9
387,8
386,11
603,1
666,2
731,4
548,8
304,2
326,7
508,6
442,11
445,4
68,2
470,7
578,5
385,11
884,4
164,6
648,2
632,4
481,2
194,2
156,1
579,4
604,3
532,5
376,5
324,18
439,23
602,4
449,6
562,4
437,3
357,11
572,13
234,11
140,8
758,1
131,1
605,8
130,3
668,7
356,20
591,9
451,6
314,30
354,36
291,23
264,1
113,9
81,254
878,14
383,61
542,20
241,1
638,6
727,1
736,1
346,15
497,3
100,1
104,3
501,20
410,55
559,8
293,49
414,14
355,11
474,5
412,69
697,13
292,6
573,11
134,23
574,12
512,18
294,10
443,26
46,2
441,16
21,4
818,1
19,41
380,19
323,37
20,35
561,9
413,68
214,2
611,65
166,30
440,31
608,21
529,16
137,23
849,1
452,8
143,12
353,36
560,27
547,12
79,3
141,13
498,18
193,14
590,8
472,18
464,57
111,39
344,90
411,32
530,16
819,3
422,37
7,3
404,62
261,19
575,95
170,103
109,22
384,33
499,26
139,30
103,1
500,18
233,14
146,2
543,73
48,32
517,35
262,130
434,94
511,11
373,222
168,93
82,17
879,3
482,48
759,22
263,35
260,70
549,22
541,34
144,12
614,125
701,42
457,215
406,132
789,4
392,5
546,38
347,339
203,222
706,16
309,261
351,55
246,2
643,169
486,84
613,262
283,352
729,9
332,3
699,64
438,121
322,150
477,16
80,99
702,184
352,138
363,108
793,2
396,387
639,19
553,515
311,313
341,284
378,59
505,7
108,154
279,239
583,556
316,403
230,809
381,65
592,4
195,28
493,241
670,275
281,387
466,402
469,30
306,119
703,121
544,472
343,343
49,337
468,116
284,94
407,116
576,32
379,41
487,221
290,655
251,603
550,1688
433,143
382,243
334,617
436,269
494,209
142,674
174,4
571,13
374,42
577,18
465,886
581,684
584,341
187,213
99,4
496,67
169,62
763,2
366,218
647,5
250,156
247,4
644,855
377,518
372,288
580,461
320,1156
435,937
280,242
277,111
674,1072
370,416
173,576
98,2
495,984
403,440
276,49
673,882
397,566
200,1018
254,303
337,814
367,364
824,6
427,508
201,1914
398,2040
189,3091
586,370
730,8
336,1046
458,799
258,1088
455,590
454,1171
257,357
255,902
554,512
157,595
551,1260
125,1
522,900
525,1386
128,497
231,262
428,1650
641,101
50,857
289,933
616,221
219,1473
735,2
338,1051
319,1211
516,56
705,23
308,1896
514,306
317,881
375,144
395,1258
198,33
112,209
282,479
671,731
475,22
78,149
669,245
848,3
51,284
645,56
248,1366
642,1105
348,404
545,47
399,1920
202,1634
853,3
456,298
259,2137
127,4
524,1006
558,10
161,169
158,2593
555,566
492,430
672,1107
675,30
278,1851
700,604
342,236
350,296
253,2529
287,1682
484,848
461,1625
167,313
364,1456
489,556
552,593
405,1061
462,2067
368,1827
171,648
365,1732
408,46
222,1806
513,136
432,1499
138,168
732,3
335,1311
228,197
425,860
218,1371
615,617
221,2324
515,146
318,1420
582,653
585,1787
188,2700
285,1500
557,37
160,1674
491,1934
199,291
196,771
393,167
490,1745
459,2261
159,2863
556,386
430,1495
345,216
227,119
424,865
124,6
521,2449
646,11
249,1477
463,959
172,811
369,1930
223,1824
523,433
526,10
129,1046
220,2189
612,691
431,1748
707,1
310,289
307,846
704,934
371,2191
507,5
110,48
204,55
401,2088
587,8
190,4424
519,406
483,302
286,1475
321,456
518,41
621,2
224,714
429,2448
232,625
349,746
252,2544
45,3
460,1599
622,14
225,1543
426,513
229,1651
520,2547
226,1674
423,1227
409,75
12,2
400,2075
453,961
256,1201
588,6
191,1336
394,636
197,78
488,861
485,661
288,1409
402,1274
